,Unnamed: 0.11,Unnamed: 0.10,Unnamed: 0.9,Unnamed: 0.8,Unnamed: 0.7,Unnamed: 0.6,Unnamed: 0.5,Unnamed: 0.4,Unnamed: 0.3,Unnamed: 0.2,Unnamed: 0.1,Unnamed: 0,cnpj,razao_social,uf,cidade,cidade_ibge_id
0,0,0,0,0,0,0,0,0,0.0,0.0,0.0,0.0,29043834000166,3MED DISTRIBUIDORA DE MEDICAMENTOS LTDA.,RS,Erechim,4307005
1,1,1,1,1,1,1,1,1,1.0,1.0,1.0,1.0,49578502000193,GI STORE INDUSTRIA DO VESTUARIO LTDA,RS,Três de Maio,4321808
2,2,2,2,2,2,2,2,2,2.0,2.0,2.0,2.0,51140560000182,51.140.560 IVANETE TERESINHA LUFT BALDISSERA,RS,Guaporé,4309407
3,3,3,3,3,3,3,3,3,3.0,3.0,3.0,3.0,45212009000102,A M COMERCIO DE PRODUTOS DE LIMPEZA LTDA,RS,Sertão,4320503
4,4,4,4,4,4,4,4,4,4.0,4.0,4.0,4.0,33811873000133,A. ROSSATTO FONOAUDIOLOGIA,RS,Serafina Corrêa,4320404
5,5,5,5,5,5,5,5,5,5.0,5.0,5.0,5.0,04567872000197,A.A.F. LABORATORIO DE ANALISES CLINICAS LTDA.,RS,Serafina Corrêa,4320404
6,6,6,6,6,6,6,6,6,6.0,6.0,6.0,6.0,00737591000184,ACM AUTOMOTIVA COMERCIO DE PECAS LTDA,RS,Serafina Corrêa,4320404
7,7,7,7,7,7,7,7,7,7.0,7.0,7.0,7.0,10604267000141,ACONTURS - ASSOCIACAO DOS CONSELHEIROS E EX-CONSELHEIROS TUTELARES DO ESTADO DO RIO GRANDE DO SUL,RS,Viamão,4323002
8,8,8,8,8,8,8,8,8,8.0,8.0,8.0,8.0,22896793000101,ADIRLEI JOSE STEFANELLO,RS,Nova Prata,4313300
9,9,9,9,9,9,9,9,9,9.0,9.0,9.0,9.0,31718185000106,ADRIANA COLET,RS,Casca,4304903
10,10,10,10,10,10,10,10,10,10.0,10.0,10.0,10.0,04926264000121,AFC-SERVICOS DE TERRAPLENAGEM LTDA.,RS,Serafina Corrêa,4320404
11,11,11,11,11,11,11,11,11,11.0,11.0,11.0,11.0,20310362000196,AGM REFRIGERACAO LTDA,RS,Marau,4311809
12,12,12,12,12,12,12,12,12,12.0,12.0,12.0,12.0,05911435000101,AIRGAS COMERCIO E TRANSPORTES LTDA,RS,Passo Fundo,4314100
13,13,13,13,13,13,13,13,13,13.0,13.0,13.0,13.0,12778794000106,ALAERCIO LONDRE 75159805087,RS,Nova Prata,4313300
14,14,14,14,14,14,14,14,14,14.0,14.0,14.0,14.0,95141255000180,ALEXANDRE JOEL BALDO,RS,Casca,4304903
15,15,15,15,15,15,15,15,15,15.0,15.0,15.0,15.0,94169075000144,ALPHA REVEILLEAU LABORATORIO LIMITADA,RS,Marau,4311809
16,16,16,16,16,16,16,16,16,16.0,16.0,16.0,16.0,13298136000171,ALZENI TEIXEIRA DE BORBA 21466521015,RS,Serafina Corrêa,4320404
17,17,17,17,17,17,17,17,17,17.0,17.0,17.0,17.0,01730073000100,ASSOCIACAO MUNICIPIOS DA ENCOSTA SUPERIOR DO NORDESTE - AMESNE,RS,Bento Gonçalves,4302105
18,18,18,18,18,18,18,18,18,18.0,18.0,18.0,18.0,14797210000167,AMILTON PANIZ DOS SANTOS,RS,Serafina Corrêa,4320404
19,19,19,19,19,19,19,19,19,19.0,19.0,19.0,19.0,38387883000107,ANA CAROLINA HAACK DE CASTRO,RS,Palmeira das Missões,4313706
20,20,20,20,20,20,20,20,20,20.0,20.0,20.0,20.0,16727013000105,ANACLETO FAE,RS,Serafina Corrêa,4320404
21,21,21,21,21,21,21,21,21,21.0,21.0,21.0,21.0,31596407000157,ANDERSON VOLPI,RS,Carazinho,4304705
22,22,22,22,22,22,22,22,22,22.0,22.0,22.0,22.0,32845579000180,ANDRE ARROQUELTDA,RS,Serafina Corrêa,4320404
23,23,23,23,23,23,23,23,23,23.0,23.0,23.0,23.0,50439422000136,AQUABELA PRODUTOS DE LIMPEZA LTDA,RS,Serafina Corrêa,4320404
24,24,24,24,24,24,24,24,24,24.0,24.0,24.0,24.0,27423620000190,ARNALDO ROQUE TROIAN,RS,Serafina Corrêa,4320404
25,25,25,25,25,25,25,25,25,25.0,25.0,25.0,25.0,08058920000172,ARSAM TECNOLOGIA DO AR LTDA,RS,Serafina Corrêa,4320404
26,26,26,26,26,26,26,26,26,26.0,26.0,26.0,26.0,14865159000183,ART PEDRAS INDUSTRIA E EXTRACAO DE BASALTO LTDA,RS,Paraí,4314001
27,27,27,27,27,27,27,27,27,27.0,27.0,27.0,27.0,08367007000158,ARTEFATOS DE CONCRETO GEMASI LTDA,RS,Serafina Corrêa,4320404
28,28,28,28,28,28,28,28,28,28.0,28.0,28.0,28.0,20403744000164,ASSOCIACAO DE PROTECAO AOS ANIMAIS DE SERAFINA CORREA-APASC,RS,Serafina Corrêa,4320404
29,29,29,29,29,29,29,29,29,29.0,29.0,29.0,29.0,90221631000123,ASSOC DOS PAIS E AMIGOS DOS EXCEP DE SERAFINA CORREA,RS,Serafina Corrêa,4320404
30,30,30,30,30,30,30,30,30,30.0,30.0,30.0,30.0,89161475000173,ASSOC RIOGR DE EMPR DE ASSIST TEC E EXTENSAO RURAL,RS,Porto Alegre,4314902
31,31,31,31,31,31,31,31,31,31.0,31.0,31.0,31.0,42288366000158,ASSOCIACAO DE ARTES MARCIAIS CAVALHEIRO TEAM,RS,Nova Bassano,4312906
32,32,32,32,32,32,32,32,32,32.0,32.0,32.0,32.0,10989322000169,ASSOCIACAO DOS MUNICIPIOS DO PLANALTO,RS,Passo Fundo,4314100
33,33,33,33,33,33,33,33,33,33.0,33.0,33.0,33.0,87547444000120,ASSOCIACAO DR BARTHOLOMEU TACCHINI,RS,Bento Gonçalves,4302105
34,34,34,34,34,34,34,34,34,34.0,34.0,34.0,34.0,97003453000103,ASSOCIACAO GAUCHA MUNICIPALISTA,RS,Porto Alegre,4314902
35,35,35,35,35,35,35,35,35,35.0,35.0,35.0,35.0,01726948000191,ASSOCIACAO AMIGOS DE SANTA RITA,RS,Guaporé,4309407
36,36,36,36,36,36,36,36,36,36.0,36.0,36.0,36.0,90481227000199,ASSOCIACAO DE TURISMO DA SERRA NORDESTE,RS,Bento Gonçalves,4302105
37,37,37,37,37,37,37,37,37,37.0,37.0,37.0,37.0,10518985000103,B G K ASSESSORIA E PROJETOS LTDA,RS,São Valentim do Sul,4319711
38,38,38,38,38,38,38,38,38,38.0,38.0,38.0,38.0,08145249000105,BAGGIO & MARCOLINA SISTEMAS DE LIMPEZA E SEGURANCA LTDA,RS,Guaporé,4309407
39,39,39,39,39,39,39,39,39,39.0,39.0,39.0,39.0,00000000200018,BANCO DO BRASIL SA,RS,Serafina Corrêa,4320404
40,40,40,40,40,40,40,40,40,40.0,40.0,40.0,40.0,92702067015975,BANCO DO ESTADO DO RIO GRANDE DO SUL SA,RS,Serafina Corrêa,4320404
41,41,41,41,41,41,41,41,41,41.0,41.0,41.0,41.0,92934215000106,BANRISUL SOLUCOES EM PAGAMENTOS S.A. - INSTITUICAO DE PAGAMENTO,RS,Porto Alegre,4314902
42,42,42,42,42,42,42,42,42,42.0,42.0,42.0,42.0,04738705000161,BASALTO SAO MIGUEL LTDA,RS,Paraí,4314001
43,43,43,43,43,43,43,43,43,43.0,43.0,43.0,43.0,87010294000110,BASEL BASALTO SERRANO LTDA,RS,Casca,4304903
44,44,44,44,44,44,44,44,44,44.0,44.0,44.0,44.0,13690460000130,BEDIN E CIA LTDA,RS,Serafina Corrêa,4320404
45,45,45,45,45,45,45,45,45,45.0,45.0,45.0,45.0,87296026003718,BENOIT ELETRODOMESTICOS LTDA,RS,Serafina Corrêa,4320404
46,46,46,46,46,46,46,46,46,46.0,46.0,46.0,46.0,49702735000156,BIA ESPACO EM DANCA LTDA,RS,Serafina Corrêa,4320404
47,47,47,47,47,47,47,47,47,47.0,47.0,47.0,47.0,23668818000182,BIANOR LUIZ NGNOATTO,RS,Guaporé,4309407
48,48,48,48,48,48,48,48,48,48.0,48.0,48.0,48.0,04470103000176,BIOTECNO INDUSTRIA E COMERCIO LTDA,RS,Santa Rosa,4317202
49,49,49,49,49,49,49,49,49,49.0,49.0,49.0,49.0,49641267000157,BLUBRINK COMERCIO E DISTRIBUICAO LTDA,SC,Indaial,4207502
50,50,50,50,50,50,50,50,50,50.0,50.0,50.0,50.0,28719518000107,BONI DISTRIBUIDORA DE PRODUTOS DE LIMPEZA LTDA,RS,Erechim,4307005
51,51,51,51,51,51,51,51,51,51.0,51.0,51.0,51.0,92885888000105,PAUSE & PERIN - ADVOGADOS ASSOCIADOS,RS,Porto Alegre,4314902
52,52,52,52,52,52,52,52,52,52.0,52.0,52.0,52.0,21438123000189,BR SUL DISTRIBUIDORA DE MEDICAMENTOS LTDA,RS,Encantado,4306809
53,53,53,53,53,53,53,53,53,53.0,53.0,53.0,53.0,15219914000115,BRITAGEM SAO DOMINGOS LTDA,RS,São Domingos do Sul,4318051
54,54,54,54,54,54,54,54,54,54.0,54.0,54.0,54.0,34588783000198,SANTA RITA AGROPECUARIA E FLORICULTURA LTDA,RS,Serafina Corrêa,4320404
55,55,55,55,55,55,55,55,55,55.0,55.0,55.0,55.0,06950494000151,BRUSAMARELLO ARTES SERIGRAFICAS LTDA,RS,Serafina Corrêa,4320404
56,56,56,56,56,56,56,56,56,56.0,56.0,56.0,56.0,45035590000126,BERLIM INDUSTRIA DE PAPEIS LTDA,RS,Jacutinga,4310900
57,57,57,57,57,57,57,57,57,57.0,57.0,57.0,57.0,27907090000155,C. GAZOLA BARRO LTDA,RS,Vila Maria,4323408
58,58,58,58,58,58,58,58,58,58.0,58.0,58.0,58.0,00360305069813,CAIXA ECONOMICA FEDERAL,RS,Serafina Corrêa,4320404
59,59,59,59,59,59,59,59,59,59.0,59.0,59.0,59.0,00360305000104,CAIXA ECONOMICA FEDERAL,DF,Brasília,5300108
60,60,60,60,60,60,60,60,60,60.0,60.0,60.0,60.0,92901909000139,CAMARA MUNICIPAL DE VEREADORES,RS,Serafina Corrêa,4320404
61,61,61,61,61,61,61,61,61,61.0,61.0,61.0,61.0,12148958000103,CARLINHO ANTONIO GROSSELLI,RS,Serafina Corrêa,4320404
62,62,62,62,62,62,62,62,62,62.0,62.0,62.0,62.0,09645937000199,CASA DE REPOUSO SOLAR VO ELIDIO LTDA,RS,Marau,4311809
63,63,63,63,63,63,63,63,63,63.0,63.0,63.0,63.0,37587427000148,CAZABEN SERVICOS E SOLUCOES LTDA,RS,Porto Alegre,4314902
64,64,64,64,64,64,64,64,64,64.0,64.0,64.0,64.0,93455715000110,CAZAGA TRANSPORTES COLETIVOS E TURISMO LTDA,RS,Serafina Corrêa,4320404
65,65,65,65,65,65,65,65,65,65.0,65.0,65.0,65.0,34009638000105,CENTRINUNS COMERCIO VAREJISTA DE COMPUTADORES LTDA,ES,Serra,3205002
66,66,66,66,66,66,66,66,66,66.0,66.0,66.0,66.0,07566075000183,CENTRO DE DIAGNOSTICO POR IMAGEM PLANALTO MEDIO LTDA,RS,Marau,4311809
67,67,67,67,67,67,67,67,67,67.0,67.0,67.0,67.0,45364268000140,CESAR LUIS FAE,RS,Serafina Corrêa,4320404
68,68,68,68,68,68,68,68,68,68.0,68.0,68.0,68.0,11300053000144,INFOCENTER COMERCIO DE INFORMATICA E CELULARES LTDA.,RS,Serafina Corrêa,4320404
69,69,69,69,69,69,69,69,69,69.0,69.0,69.0,69.0,26610194000130,CHIODI TRANSPORTE DE CARGAS LTDA,RS,Serafina Corrêa,4320404
70,70,70,70,70,70,70,70,70,70.0,70.0,70.0,70.0,92785989000104,EMPRESA JORNALISTICA J.C. JARROS LTDA.,RS,Porto Alegre,4314902
71,71,71,71,71,71,71,71,71,71.0,71.0,71.0,71.0,09031569000199,CITTA INFORMATICA LTDA,RS,Marau,4311809
72,72,72,72,72,72,72,72,72,72.0,72.0,72.0,72.0,40432544000147,CLARO S.A.,SP,São Paulo,3550308
73,73,73,73,73,73,73,73,73,73.0,73.0,73.0,73.0,05869301000170,CLAUBER CAVASIN,RS,Serafina Corrêa,4320404
74,74,74,74,74,74,74,74,74,74.0,74.0,74.0,74.0,33992547000170,CLINICA DE PSICOLOGIA LUAN MASSOLINI LTDA,RS,Serafina Corrêa,4320404
75,75,75,75,75,75,75,75,75,75.0,75.0,75.0,75.0,35012108000189,CLINICA PARLEVITA SERVICOS DE FONOAUDIOLOGIA LTDA,RS,Serafina Corrêa,4320404
76,76,76,76,76,76,76,76,76,76.0,76.0,76.0,76.0,04338196000180,COLABORE - CONSULTORIA EM PSICOLOGIA E MEDICINA DO TRABALHO LTDA,RS,Guaporé,4309407
77,77,77,77,77,77,77,77,77,77.0,77.0,77.0,77.0,00476785000173,COMERCIO E REPRESENTACOES RR LTDA,RS,Serafina Corrêa,4320404
78,78,78,78,78,78,78,78,78,78.0,78.0,78.0,78.0,37706057000110,COMERCIAL HLA LTDA.,RS,Santa Cruz do Sul,4316808
79,79,79,79,79,79,79,79,79,79.0,79.0,79.0,79.0,93489243000205,COMERCIAL BUFFON COMBUSTIVEIS E TRANSPORTES LIMITADA,RS,Serafina Corrêa,4320404
80,80,80,80,80,80,80,80,80,80.0,80.0,80.0,80.0,92802784000190,COMPANHIA RIOGRANDENSE DE SANEAMENTO - CORSAN,RS,Porto Alegre,4314902
81,81,81,81,81,81,81,81,81,81.0,81.0,81.0,81.0,31715297000103,CONCREACO FABRICACAO DE ARTEFATOS DE CIMENTO LTDA,RS,Nova Araçá,4312807
82,82,82,82,82,82,82,82,82,82.0,82.0,82.0,82.0,00703157000183,CONFEDERACAO NACIONAL DE MUNICIPIOS,DF,Brasília,5300108
83,83,83,83,83,83,83,83,83,83.0,83.0,83.0,83.0,33484825000188,CONSELHO NACIONAL DE SECRETARIAS MUNICIPAIS DE SAUDE,DF,Brasília,5300108
84,84,84,84,84,84,84,84,84,84.0,84.0,84.0,84.0,90808312000119,CONSELHO COMUNITARIO PRO-SEGURANCA DE SERAFINA CORREA-RS,RS,Serafina Corrêa,4320404
85,85,85,85,85,85,85,85,85,85.0,85.0,85.0,85.0,01164076000115,CONSELHO REGIONAL DE DESENVOLVIMENTO DA SERRA - CRD,RS,Caxias do Sul,4305108
86,86,86,86,86,86,86,86,86,86.0,86.0,86.0,86.0,01448425000120,CONSTRUTORA COTREFE LTDA,RS,Nova Bassano,4312906
87,87,87,87,87,87,87,87,87,87.0,87.0,87.0,87.0,16588962000143,CONSULTAMB ENGENHARIA E CONSULTORIA AMBIENTAL LTDA,RS,Nova Bassano,4312906
88,88,88,88,88,88,88,88,88,88.0,88.0,88.0,88.0,36444509000170,CAROLINE RISSON & LETICIA PEREIRA CIRURGIA VASCULAR LTDA,RS,Passo Fundo,4314100
89,89,89,89,89,89,89,89,89,89.0,89.0,89.0,89.0,12855312000166,CONTROLE SOLUCOES DIGITAIS LTDA,RS,Bento Gonçalves,4302105
90,90,90,90,90,90,90,90,90,90.0,90.0,90.0,90.0,87795639001160,COOPERATIVA DE CREDITO ALIANCA RS/SC/ES - SICREDI ALIANCA RS/SC/ES,RS,Serafina Corrêa,4320404
91,91,91,91,91,91,91,91,91,91.0,91.0,91.0,91.0,73936403000200,COOPERATIVA DOS PRODUTORES DE LEITE DE SERAFINA LTDA,RS,Serafina Corrêa,4320404
92,92,92,92,92,92,92,92,92,92.0,92.0,92.0,92.0,87795639000199,COOPERATIVA DE CREDITO ALIANCA RS/SC/ES - SICREDI ALIANCA RS/SC/ES,RS,Marau,4311809
93,93,93,93,93,93,93,93,93,93.0,93.0,93.0,93.0,81607046000175,COOPERATIVA DE CREDITO DE LIVRE ADMISSAO DE ASSOCIADOS SAO MIGUEL DO OESTE - SICOOB SAO MIGUEL SC/PR/RS,SC,São Miguel do Oeste,4217204
94,94,94,94,94,94,94,94,94,94.0,94.0,94.0,94.0,05863726000171,COOPERATIVA DE CREDITO E ECONOMIA COM INTERACAO SOLIDARIA DO PLANALTO SERRA DO RIO GRANDE DO SUL - CRESOL PLANALTO SERRA,RS,Sananduva,4316600
95,95,95,95,95,95,95,95,95,95.0,95.0,95.0,95.0,73936403000544,COOPERATIVA DOS PRODUTORES DE LEITE DE SERAFINA LTDA,RS,Serafina Corrêa,4320404
96,96,96,96,96,96,96,96,96,96.0,96.0,96.0,96.0,92802784013097,COMPANHIA RIOGRANDENSE DE SANEAMENTO - CORSAN,RS,Serafina Corrêa,4320404
97,97,97,97,97,97,97,97,97,97.0,97.0,97.0,97.0,33826972000199,COSME GILBERTO ORSO 59201860030,RS,Serafina Corrêa,4320404
98,98,98,98,98,98,98,98,98,98.0,98.0,98.0,98.0,08582779000102,CP MAGARINOS MECANICA LTDA,SC,Concórdia,4204301
99,99,99,99,99,99,99,99,99,99.0,99.0,99.0,99.0,48570306000100,CP SERVICOS DE EDUCACAO FISICA LTDA,RS,Serafina Corrêa,4320404
100,100,100,100,100,100,100,100,100,100.0,100.0,100.0,100.0,10158356000101,CPX DISTRIBUIDORA S/A,SC,Itajaí,4208203
101,101,101,101,101,101,101,101,101,101.0,101.0,101.0,101.0,92695790000195,CONSELHO REGIONAL DE ENGENHARIA E AGRONOMIA DO RS,RS,Porto Alegre,4314902
102,102,102,102,102,102,102,102,102,102.0,102.0,102.0,102.0,10651135000170,CRISTIANE BAGGIO & CIA LTDA,RS,Serafina Corrêa,4320404
103,103,103,103,103,103,103,103,103,103.0,103.0,103.0,103.0,24169653000167,CRISTIANE ZULIAN LTDA,RS,Serafina Corrêa,4320404
104,104,104,104,104,104,104,104,104,104.0,104.0,104.0,104.0,23019975000167,CRISTO REY RESIDENCIAL TERAPEUTICO LTDA.,RS,Passo Fundo,4314100
105,105,105,105,105,105,105,105,105,105.0,105.0,105.0,105.0,89074801000105,CENTRO DE TRADICOES GAUCHAS GALPAO DA SAUDADE,RS,Serafina Corrêa,4320404
106,106,106,106,106,106,106,106,106,106.0,106.0,106.0,106.0,68737907000171,DALMAGRO & DALMAS LTDA,RS,Porto Alegre,4314902
107,107,107,107,107,107,107,107,107,107.0,107.0,107.0,107.0,39745756000103,DANIELE COLFERAI NUTRICAO LTDA,RS,Serafina Corrêa,4320404
108,108,108,108,108,108,108,108,108,108.0,108.0,108.0,108.0,07703086000168,DARCI DEFENDI & CIA LTDA,RS,Serafina Corrêa,4320404
109,109,109,109,109,109,109,109,109,109.0,109.0,109.0,109.0,05193868000179,DARLEI CARMINATTI,RS,Casca,4304903
110,110,110,110,110,110,110,110,110,110.0,110.0,110.0,110.0,02058168000183,DEITOS & DEITOS LTDA,RS,Serafina Corrêa,4320404
111,111,111,111,111,111,111,111,111,111.0,111.0,111.0,111.0,83413591000318,DICAPEL PAPEIS E EMBALAGENS LTDA,SC,Blumenau,4202404
112,112,112,112,112,112,112,112,112,112.0,112.0,112.0,112.0,02520829000140,DIMASTER - COMERCIO DE PRODUTOS HOSPITALARES LTDA.,RS,Barão de Cotegipe,4301701
113,113,113,113,113,113,113,113,113,113.0,113.0,113.0,113.0,90627332000193,DISTRIBUIDORA MERIDIONAL DE MOTORES CUMMINS LTDA,RS,Porto Alegre,4314902
114,114,114,114,114,114,114,114,114,114.0,114.0,114.0,114.0,13021017000177,DPM EDUCACAO LTDA,RS,Porto Alegre,4314902
115,115,115,115,115,115,115,115,115,115.0,115.0,115.0,115.0,47973197000109,DRL REBOQUES LTDA,RS,Erechim,4307005
116,116,116,116,116,116,116,116,116,116.0,116.0,116.0,116.0,10774929000121,DUE STUDIO WEB DESIGN LTDA,RS,Serafina Corrêa,4320404
117,117,117,117,117,117,117,117,117,117.0,117.0,117.0,117.0,51560442000123,DUFILTER DISTRIBUIDORA DE FILTROS E LUBRIFICANTES LTDA,RS,Caxias do Sul,4305108
118,118,118,118,118,118,118,118,118,118.0,118.0,118.0,118.0,06136424000164,ECO VERDE PRESTACAO DE SERVICOS DE COLETA DE LIXO LTDA,RS,Vila Maria,4323408
119,119,119,119,119,119,119,119,119,119.0,119.0,119.0,119.0,17354881000141,EDENEI JOSE MENEGHINI LTDA,RS,Serafina Corrêa,4320404
120,120,120,120,120,120,120,120,120,120.0,120.0,120.0,120.0,07699852000168,EDENER V PIEREZAN LTDA,RS,Marau,4311809
121,121,121,121,121,121,121,121,121,121.0,121.0,121.0,121.0,02143069000108,EDUARDO SEGANFREDO INFORMATICA LTDA,RS,Serafina Corrêa,4320404
122,122,122,122,122,122,122,122,122,122.0,122.0,122.0,122.0,48914445000103,ELETRICA ZEUS LTDA,SC,Campos Novos,4203600
123,123,123,123,123,123,123,123,123,123.0,123.0,123.0,123.0,89947501000193,EMISSORA SANTUARIO SERAFINENSE LTDA,RS,Serafina Corrêa,4320404
124,124,124,124,124,124,124,124,124,124.0,124.0,124.0,124.0,34028316002661,EMPRESA BRASILEIRA DE CORREIOS E TELEGRAFOS,RS,Porto Alegre,4314902
125,125,125,125,125,125,125,125,125,125.0,125.0,125.0,125.0,42422253000284,EMPRESA DE TECNOLOGIA E INFORMACOES DA PREVIDENCIA - DATAPREV S.A.,RJ,Rio de Janeiro,3304557
126,126,126,126,126,126,126,126,126,126.0,126.0,126.0,126.0,04584756000186,FACCINA DALTORA EQUIPAMENTOS DE SEGURANCA LTDA,SC,Lages,4209300
127,127,127,127,127,127,127,127,127,127.0,127.0,127.0,127.0,03438176000118,FACCO COMERCIO E SERVICOS LTDA.,RS,Serafina Corrêa,4320404
128,128,128,128,128,128,128,128,128,128.0,128.0,128.0,128.0,88733811000142,FEDERACAO DAS ASSOCIACOES DE MUNICIPIOS RS FAMURS,RS,Porto Alegre,4314902
129,129,129,129,129,129,129,129,129,129.0,129.0,129.0,129.0,93771038000149,FENIX AUTO PECAS LTDA,RS,Serafina Corrêa,4320404
130,130,130,130,130,130,130,130,130,130.0,130.0,130.0,130.0,33398831000112,FENIX COMERCIO DE PRODUTOS HOSPITALARES LTDA,RS,Barão de Cotegipe,4301701
131,131,131,131,131,131,131,131,131,131.0,131.0,131.0,131.0,12327153000127,FERNANDES DE BARBA 65045459015,RS,Serafina Corrêa,4320404
132,132,132,132,132,132,132,132,132,132.0,132.0,132.0,132.0,04695123000145,FISIOCENTER - CENTRO DE FISIOTERAPIA LTDA.,RS,Serafina Corrêa,4320404
133,133,133,133,133,133,133,133,133,133.0,133.0,133.0,133.0,21345919000197,FOLETTO E GASPARIN LTDA,RS,Serafina Corrêa,4320404
134,134,134,134,134,134,134,134,134,134.0,134.0,134.0,134.0,28993455000174,FORTEAR AUTOPECAS LTDA.,RS,Serafina Corrêa,4320404
135,135,135,135,135,135,135,135,135,135.0,135.0,135.0,135.0,30134622000173,FOZZA PILATES & FISIOTERAPIA LTDA,RS,Serafina Corrêa,4320404
136,136,136,136,136,136,136,136,136,136.0,136.0,136.0,136.0,47664295000164,"FOZZA, ZORZI & SANTIN CLINICA MULTIDISCIPLINAR LTDA",RS,Serafina Corrêa,4320404
137,137,137,137,137,137,137,137,137,137.0,137.0,137.0,137.0,00510077000101,FRAZILLIO SOLUCOES DE TECNOLOGIA LTDA,SP,São Paulo,3550308
138,138,138,138,138,138,138,138,138,138.0,138.0,138.0,138.0,87878476000108,FUNDACAO UNIVERSIDADE EMPRESA DE TECNOLOGIA E CIENCIAS,RS,Porto Alegre,4314902
139,139,139,139,139,139,139,139,139,139.0,139.0,139.0,139.0,14373715000102,FUNDO MUNICIPAL DE ASSISTENCIA SOCIAL - GUAPORE - RS,RS,Guaporé,4309407
140,140,140,140,140,140,140,140,140,140.0,140.0,140.0,140.0,08469170000121,FUNERARIA SAO PELEGRINO LTDA,RS,Serafina Corrêa,4320404
141,141,141,141,141,141,141,141,141,141.0,141.0,141.0,141.0,49816498000154,"G.F. CONSULTORIA, GESTAO E TREINAMENTO LTDA",RS,Passo Fundo,4314100
142,142,142,142,142,142,142,142,142,142.0,142.0,142.0,142.0,11442752000129,GARBIN & BERGAMO LTDA,RS,São José do Ouro,4318606
143,143,143,143,143,143,143,143,143,143.0,143.0,143.0,143.0,90180605000102,GENTE SEGURADORA SA,RS,Porto Alegre,4314902
144,144,144,144,144,144,144,144,144,144.0,144.0,144.0,144.0,29599914000100,GILMAR ALVES DOS SANTOS,RS,Serafina Corrêa,4320404
145,145,145,145,145,145,145,145,145,145.0,145.0,145.0,145.0,93639292000198,GILMAR FACCO,RS,Serafina Corrêa,4320404
146,146,146,146,146,146,146,146,146,146.0,146.0,146.0,146.0,10744838000143,GIOVANA VERONICA TEIXEIRA,RS,Carazinho,4304705
147,147,147,147,147,147,147,147,147,147.0,147.0,147.0,147.0,27549362000192,GLOBE ENGENHARIA E CONSTRUCOES LTDA,RS,Bom Princípio,4302352
148,148,148,148,148,148,148,148,148,148.0,148.0,148.0,148.0,27927653000177,GOIAS LED MATERIAIS  ELETRICOS E CONSTRUCAO LTDA,GO,Goiânia,5208707
149,149,149,149,149,149,149,149,149,149.0,149.0,149.0,149.0,14767899000187,GRA ASSESSORIA E CONSULTORIA EM NEGOCIOS INTERNACIONAIS LTDA,RS,Venâncio Aires,4322608
150,150,150,150,150,150,150,150,150,150.0,150.0,150.0,150.0,03562696000138,GRANDO PNEUS LTDA,RS,Vacaria,4322509
151,151,151,151,151,151,151,151,151,151.0,151.0,151.0,151.0,45785336000145,GRC ORTHOMED SERVICOS MEDICOS LTDA,RS,Guaporé,4309407
152,152,152,152,152,152,152,152,152,152.0,152.0,152.0,152.0,01375626000145,GUERRA PNEUS LTDA,RS,Carazinho,4304705
153,153,153,153,153,153,153,153,153,153.0,153.0,153.0,153.0,40260323000139,GUILHERME ZANELLA FERONATO 03427238040,RS,Serafina Corrêa,4320404
154,154,154,154,154,154,154,154,154,154.0,154.0,154.0,154.0,94097383000101,HIDRALUZ MATERIAIS DE CONSTRUCAO LTDA,RS,Serafina Corrêa,4320404
155,155,155,155,155,155,155,155,155,155.0,155.0,155.0,155.0,90397167000120,HOSPITAL  NOSSA SENHORA DO ROSARIO,RS,Serafina Corrêa,4320404
156,156,156,156,156,156,156,156,156,156.0,156.0,156.0,156.0,95807095000166,HOTEL COLINA VERDE LTDA,SC,Concórdia,4204301
157,157,157,157,157,157,157,157,157,157.0,157.0,157.0,157.0,20992564000165,HELPFIX ATACADO DE PAPELARIA LTDA,RS,Nova Prata,4313300
158,158,158,158,158,158,158,158,158,158.0,158.0,158.0,158.0,41232530000142,I9 COMERCIO DE SUPRIMENTOS DE INFORMATICA LTDA,RS,Serafina Corrêa,4320404
159,159,159,159,159,159,159,159,159,159.0,159.0,159.0,159.0,01484706000139,INSTITUTO GAMMA DE ASSESSORIA A ORGAOS PUBLICOS LTDA,RS,Porto Alegre,4314902
160,160,160,160,160,160,160,160,160,160.0,160.0,160.0,160.0,17136059000104,IMOBILIARIA FELIPIN  LTDA,RS,Serafina Corrêa,4320404
161,161,161,161,161,161,161,161,161,161.0,161.0,161.0,161.0,15520263000107,INOVAR COMERCIO DE MATERIAIS ELETRICOS LTDA,RS,Serafina Corrêa,4320404
162,162,162,162,162,162,162,162,162,162.0,162.0,162.0,162.0,21440280000129,INOVE ASSESSORIA E GESTAO PUBLICA LTDA,RS,Três Arroios,4321634
163,163,163,163,163,163,163,163,163,163.0,163.0,163.0,163.0,43607262000121,INPHARMA HOSPITALAR LTDA,PR,Toledo,4127700
164,164,164,164,164,164,164,164,164,164.0,164.0,164.0,164.0,29979036027260,INSTITUTO NACIONAL DO SEGURO SOCIAL,RS,Passo Fundo,4314100
165,165,165,165,165,165,165,165,165,165.0,165.0,165.0,165.0,88496401000125,INSTITUTO DE PATOLOGIA DE PASSO FUNDO LTDA,RS,Passo Fundo,4314100
166,166,166,166,166,166,166,166,166,166.0,166.0,166.0,166.0,92829100000143,INSTITUTO DE PREVIDENCIA DO ESTADO DO RIO GRANDE DO SUL,RS,Porto Alegre,4314902
167,167,167,167,167,167,167,167,167,167.0,167.0,167.0,167.0,00662270000320,"INSTITUTO NACIONAL DE METROLOGIA, QUALIDADE E TECNOLOGIA - INMETRO.",RJ,Duque de Caxias,3301702
168,168,168,168,168,168,168,168,168,168.0,168.0,168.0,168.0,90241357000154,IRMAOS TORTELLI LTDA MICROEMPRESA,RS,Passo Fundo,4314100
169,169,169,169,169,169,169,169,169,169.0,169.0,169.0,169.0,20058175000167,J MARTINS COMERCIO DE SUPRIMENTOS DE INFORMATICA LTDA,RS,Serafina Corrêa,4320404
170,170,170,170,170,170,170,170,170,170.0,170.0,170.0,170.0,20287233000124,JONAS MOLON E CIA LTDA,RS,Serafina Corrêa,4320404
171,171,171,171,171,171,171,171,171,171.0,171.0,171.0,171.0,14069382000114,JONATAN PAIN 81045263087,RS,Serafina Corrêa,4320404
172,172,172,172,172,172,172,172,172,172.0,172.0,172.0,172.0,08828729000162,JOVANA TRICHES,RS,Serafina Corrêa,4320404
173,173,173,173,173,173,173,173,173,173.0,173.0,173.0,173.0,49428353000186,JR SEGURANCA ELETRONICA LTDA,RS,Serafina Corrêa,4320404
174,174,174,174,174,174,174,174,174,174.0,174.0,174.0,174.0,15608150000150,JS LAMINAS LTDA,SC,Tubarão,4218707
175,175,175,175,175,175,175,175,175,175.0,175.0,175.0,175.0,28113235000109,JASCO PAVIMENTACOES LTDA,RS,Serafina Corrêa,4320404
176,176,176,176,176,176,176,176,176,176.0,176.0,176.0,176.0,05287117000111,K 13 CONFECCOES LTDA,RS,Veranópolis,4322806
177,177,177,177,177,177,177,177,177,177.0,177.0,177.0,177.0,05760614000195,KALBRINK - MATERIAIS E EQUIPAMENTOS EDUCATIVOS LTDA,RS,Erechim,4307005
178,178,178,178,178,178,178,178,178,178.0,178.0,178.0,178.0,52322804000100,KASSIANE ROSSONI PACASSA PSICOLOGIA LTDA,RS,Serafina Corrêa,4320404
179,179,179,179,179,179,179,179,179,179.0,179.0,179.0,179.0,19620378000116,KATIA REGINA PORTZ SCHARDONG,RS,Três Passos,4321907
180,180,180,180,180,180,180,180,180,180.0,180.0,180.0,180.0,40835435000170,KELEN CRISTINA FERRONATTO,RS,Serafina Corrêa,4320404
181,181,181,181,181,181,181,181,181,181.0,181.0,181.0,181.0,16997097000199,KENDRA DE PAULI PIAZZA & CIA LTDA,RS,Serafina Corrêa,4320404
182,182,182,182,182,182,182,182,182,182.0,182.0,182.0,182.0,15068089000103,KFMED DISTRIBUIDORA DE MEDICAMENTOS LTDA,RS,Ibiaçá,4309803
183,183,183,183,183,183,183,183,183,183.0,183.0,183.0,183.0,11179644000105,KRETZER & COELHO DE ORGANIZACAO DE FEIRAS LTDA,SC,Itajaí,4208203
184,184,184,184,184,184,184,184,184,184.0,184.0,184.0,184.0,92145283000188,LABORATORIO DE ANALISES CLINICAS LAF LTDA,RS,Guaporé,4309407
185,185,185,185,185,185,185,185,185,185.0,185.0,185.0,185.0,14802335000138,L D S SERVICOS DE URBANIZACAO LTDA,RS,Serafina Corrêa,4320404
186,186,186,186,186,186,186,186,186,186.0,186.0,186.0,186.0,36175262000134,LEANDRO FRANCOSI COMERCIO DE GAS LTDA.,RS,Serafina Corrêa,4320404
187,187,187,187,187,187,187,187,187,187.0,187.0,187.0,187.0,18891456000154,LEANDRO QUADROS DE SOUZA LTDA,RS,Erechim,4307005
188,188,188,188,188,188,188,188,188,188.0,188.0,188.0,188.0,28291044000137,LEONARDO DA VINCI HRC SERVICOS PROFISSIONAIS LTDA,RS,Guaporé,4309407
189,189,189,189,189,189,189,189,189,189.0,189.0,189.0,189.0,26280835000136,LEONARDO FELIPE BOVENSCHULTE LOCACOES,RS,Erechim,4307005
190,190,190,190,190,190,190,190,190,190.0,190.0,190.0,190.0,13476893000198,13.476.893 LEONEL GOBI,RS,Serafina Corrêa,4320404
191,191,191,191,191,191,191,191,191,191.0,191.0,191.0,191.0,40657992000149,LICI EXPRESS DISTRIBUIDORA LTDA,RS,Porto Alegre,4314902
192,192,192,192,192,192,192,192,192,192.0,192.0,192.0,192.0,04857522000165,LICS SUPER AGUA LTDA,RS,Selbach,4320305
193,193,193,193,193,193,193,193,193,193.0,193.0,193.0,193.0,21227039000116,LIFE CENTER COMERCIO E DISTRIBUIDORA DE MEDICAMENTOS LTDA,RS,Erechim,4307005
194,194,194,194,194,194,194,194,194,194.0,194.0,194.0,194.0,03725725000135,LIZ SERVICOS ONLINE LTDA,SC,Itapema,4208302
195,195,195,195,195,195,195,195,195,195.0,195.0,195.0,195.0,13095565000141,LLC LABORATORIO DE ANALISES CLINICAS LTDA,RS,Serafina Corrêa,4320404
196,196,196,196,196,196,196,196,196,196.0,196.0,196.0,196.0,04415928008172,LOJAS BECKER LTDA.,RS,Serafina Corrêa,4320404
197,197,197,197,197,197,197,197,197,197.0,197.0,197.0,197.0,19251376000105,L S C SERVICOS DE CONSTRUCAO E LIMPEZA DE REDES ELETRICAS LTDA,RS,Serafina Corrêa,4320404
198,198,198,198,198,198,198,198,198,198.0,198.0,198.0,198.0,14975374000137,LUCAS DONDONI ZORTEA,RS,Serafina Corrêa,4320404
199,199,199,199,199,199,199,199,199,199.0,199.0,199.0,199.0,32126897000190,LUCOMP COLETA DE RESIDUOS LTDA,RS,Nova Bassano,4312906
200,200,200,200,200,200,200,200,200,200.0,200.0,200.0,200.0,92894732000190,LUDOVENIO JULIO AROZI,RS,Serafina Corrêa,4320404
201,201,201,201,201,201,201,201,201,201.0,201.0,201.0,201.0,93685709000159,LUFERMAQ EQUIPAMENTOS RODOVIARIOS LTDA,RS,Guaporé,4309407
202,202,202,202,202,202,202,202,202,202.0,202.0,202.0,202.0,32623545000140,LUISA COMERCIO DE TINTAS LTDA,RS,Serafina Corrêa,4320404
203,203,203,203,203,203,203,203,203,203.0,203.0,203.0,203.0,25142122000143,LUSSI EVENTOS ESPORTIVOS E SERVICOS LTDA,RS,Marau,4311809
204,204,204,204,204,204,204,204,204,204.0,204.0,204.0,204.0,89848543084095,LOJAS COLOMBO SA COMERCIO DE UTILIDADES DOMESTICAS,RS,Serafina Corrêa,4320404
205,205,205,205,205,205,205,205,205,205.0,205.0,205.0,205.0,19979077000183,LOVISON DECOL LTDA,RS,Nova Bassano,4312906
206,206,206,206,206,206,206,206,206,206.0,206.0,206.0,206.0,19423875000124,M D G COMERCIAL LTDA.,PR,Pato Branco,4118501
207,207,207,207,207,207,207,207,207,207.0,207.0,207.0,207.0,26841980000149,MAFFER INDUSTRIA QUIMICA LTDA,RS,Serafina Corrêa,4320404
208,208,208,208,208,208,208,208,208,208.0,208.0,208.0,208.0,47484691000100,MAIS ESPORTE COMERCIO DE ARTIGOS ESPORTIVOS LTDA,RS,Feliz,4308102
209,209,209,209,209,209,209,209,209,209.0,209.0,209.0,209.0,09228505000182,MANOS CHAPEACAO E PINTURA LTDA,RS,Serafina Corrêa,4320404
210,210,210,210,210,210,210,210,210,210.0,210.0,210.0,210.0,05946466000106,MARCELO GOLLO & CIA LTDA,RS,Serafina Corrêa,4320404
211,211,211,211,211,211,211,211,211,211.0,211.0,211.0,211.0,09485239000173,MARCELO JOSE ANACLETO,RS,Passo Fundo,4314100
212,212,212,212,212,212,212,212,212,212.0,212.0,212.0,212.0,06941912000144,MARCOS ANDRE REICHERT & CIA LTDA,RS,Victor Graeff,4323200
213,213,213,213,213,213,213,213,213,213.0,213.0,213.0,213.0,08402772000161,MASPER ASSESSORIA LTDA,RS,Porto Alegre,4314902
214,214,214,214,214,214,214,214,214,214.0,214.0,214.0,214.0,00220982000127,MATT CONSTRUTORA LTDA,RS,Vila Maria,4323408
215,215,215,215,215,215,215,215,215,215.0,215.0,215.0,215.0,02144809000112,MATTANA & FAVERO LTDA,RS,Serafina Corrêa,4320404
216,216,216,216,216,216,216,216,216,216.0,216.0,216.0,216.0,14665385000110,MAZZUCO E TREVISO PRODUCAO DE FOTOGRAFIAS LTDA,RS,Guaporé,4309407
217,217,217,217,217,217,217,217,217,217.0,217.0,217.0,217.0,39649812000106,MC COMERCIO DE ALIMENTOS E TRANSPORTES LTDA,SC,Planalto Alegre,4213153
218,218,218,218,218,218,218,218,218,218.0,218.0,218.0,218.0,20602197000146,MCP TERRAPLENAGEM E SERVICOS LTDA,RS,Serafina Corrêa,4320404
219,219,219,219,219,219,219,219,219,219.0,219.0,219.0,219.0,88496849000491,MECAL MATERIAIS DE CONSTRUCAO LTDA,RS,Serafina Corrêa,4320404
220,220,220,220,220,220,220,220,220,220.0,220.0,220.0,220.0,03730992000109,MEDCON SERVICOS MEDICOS LTDA,RS,Passo Fundo,4314100
221,221,221,221,221,221,221,221,221,221.0,221.0,221.0,221.0,24738613000199,MEGA PAPELARIA E ESPORTES LTDA,RS,Encantado,4306809
222,222,222,222,222,222,222,222,222,222.0,222.0,222.0,222.0,51802174000109,MEGA PRODUTOS AUTOMOTIVOS LTDA.,RS,Cerro Largo,4305207
223,223,223,223,223,223,223,223,223,223.0,223.0,223.0,223.0,44910500000136,MEGALIMPO PRODUTOS DE HIGIENE E LIMPEZA LTDA,RS,Alvorada,4300604
224,224,224,224,224,224,224,224,224,224.0,224.0,224.0,224.0,27528059000103,MELHOR SOLUCAO SOFTWARE PARA GESTAO PUBLICA LTDA,RS,Passo Fundo,4314100
225,225,225,225,225,225,225,225,225,225.0,225.0,225.0,225.0,08408092000155,MERCADO ALAE LTDA,RS,Nova Bassano,4312906
226,226,226,226,226,226,226,226,226,226.0,226.0,226.0,226.0,45822322000154,MERCADO VERDES VALES LTDA,RS,Serafina Corrêa,4320404
227,227,227,227,227,227,227,227,227,227.0,227.0,227.0,227.0,13189813000113,MESTRE & CIA LTDA,RS,Serafina Corrêa,4320404
228,228,228,228,228,228,228,228,228,228.0,228.0,228.0,228.0,27493393000179,MIGLIAVACCA & DODE SERVICOS MEDICOS LTDA,RS,Serafina Corrêa,4320404
229,229,229,229,229,229,229,229,229,229.0,229.0,229.0,229.0,36097231000102,MILANO COMERCIO DE PNEUMATICOS LTDA,SC,Xanxerê,4219507
230,230,230,230,230,230,230,230,230,230.0,230.0,230.0,230.0,88213954000123,MINERADORA TUPY LTDA,RS,São Domingos do Sul,4318051
231,231,231,231,231,231,231,231,231,231.0,231.0,231.0,231.0,00394460005887,MINISTERIO DA FAZENDA,DF,Brasília,5300108
232,232,232,232,232,232,232,232,232,232.0,232.0,232.0,232.0,05457283000119,MINISTERIO DO TURISMO,DF,Brasília,5300108
233,233,233,233,233,233,233,233,233,233.0,233.0,233.0,233.0,01611560000145,MIOR CORRETORA DE IMOVEIS E SEGUROS LTDA,RS,Serafina Corrêa,4320404
234,234,234,234,234,234,234,234,234,234.0,234.0,234.0,234.0,91599225000161,MIRIAM RADIODIFUSAO LTDA,RS,Serafina Corrêa,4320404
235,235,235,235,235,235,235,235,235,235.0,235.0,235.0,235.0,00411441000186,MK PRODUTOS MEDICO HOSPITALARES LTDA,RS,Porto Alegre,4314902
236,236,236,236,236,236,236,236,236,236.0,236.0,236.0,236.0,13493320000172,MORESCHI & MORESCHI LTDA,RS,Serafina Corrêa,4320404
237,237,237,237,237,237,237,237,237,237.0,237.0,237.0,237.0,34313820000155,MORESCHI SUPERMERCADOS LTDA,RS,Serafina Corrêa,4320404
238,238,238,238,238,238,238,238,238,238.0,238.0,238.0,238.0,07734903000145,"MPM COMERCIO DE MAQUINAS, PECAS E SERVICOS LTDA",RS,Vila Maria,4323408
239,239,239,239,239,239,239,239,239,239.0,239.0,239.0,239.0,03145819000135,N. J. L. NEUBARTH & CIA. LTDA.,RS,Taquara,4321204
240,240,240,240,240,240,240,240,240,240.0,240.0,240.0,240.0,19454757000183,NATITUR VIAGENS E TURISMO LTDA,RS,Serafina Corrêa,4320404
241,241,241,241,241,241,241,241,241,241.0,241.0,241.0,241.0,16721826000180,NEDIO BARP,RS,Serafina Corrêa,4320404
242,242,242,242,242,242,242,242,242,242.0,242.0,242.0,242.0,11086124000158,NET11 SERVICOS DE TELEFONIA FIXA LTDA,RS,Guaporé,4309407
243,243,243,243,243,243,243,243,243,243.0,243.0,243.0,243.0,33768581000165,NET ONZE PROVEDOR DE ACESSO A INTERNET LTDA,RS,Serafina Corrêa,4320404
244,244,244,244,244,244,244,244,244,244.0,244.0,244.0,244.0,89205629000181,NILSSON & CIA LTDA,RS,Arroio do Meio,4301008
245,245,245,245,245,245,245,245,245,245.0,245.0,245.0,245.0,14164649000152,NOTAAZUL PRODUCOES MUSICAIS LTDA,RS,Pelotas,4314407
246,246,246,246,246,246,246,246,246,246.0,246.0,246.0,246.0,34178263000298,NOVA CREDEAL INDUSTRIA DE CADERNOS S.A.,RS,Serafina Corrêa,4320404
247,247,247,247,247,247,247,247,247,247.0,247.0,247.0,247.0,34034228000114,NOVO HORIZONTE COMERCIO DE PRODUTOS E ACESSORIOS DE LIMPEZA LTDA,RS,Barão de Cotegipe,4301701
248,248,248,248,248,248,248,248,248,248.0,248.0,248.0,248.0,93370476000103,ODITUR TRANSPORTES COLETIVOS E TURISMO LTDA,RS,Serafina Corrêa,4320404
249,249,249,249,249,249,249,249,249,249.0,249.0,249.0,249.0,44639579000102,OESTE PRODUTOS DE LIMPEZA LTDA,RS,Redentora,4315404
250,250,250,250,250,250,250,250,250,250.0,250.0,250.0,250.0,76535764000224,OI S.A. - EM RECUPERACAO JUDICIAL,RS,Porto Alegre,4314902
251,251,251,251,251,251,251,251,251,251.0,251.0,251.0,251.0,76535764000143,OI S.A. - EM RECUPERACAO JUDICIAL,RJ,Rio de Janeiro,3304557
252,252,252,252,252,252,252,252,252,252.0,252.0,252.0,252.0,00258688000104,OLDOFER INDUSTRIA E COMERCIO DE FERRAGENS LTDA,RS,Nova Bassano,4312906
253,253,253,253,253,253,253,253,253,253.0,253.0,253.0,253.0,38413979000100,OLIVEIRA TELECOM,RS,Porto Alegre,4314902
254,254,254,254,254,254,254,254,254,254.0,254.0,254.0,254.0,20158828000180,ORTHOMEDICA CLINICA LTDA,RS,Passo Fundo,4314100
255,255,255,255,255,255,255,255,255,255.0,255.0,255.0,255.0,00443605000157,PALADAR DOCES E SALGADOS LTDA,RS,Serafina Corrêa,4320404
256,256,256,256,256,256,256,256,256,256.0,256.0,256.0,256.0,33300877000157,PATRICIA CAMPAGNOLO CONTE & CIA LTDA,RS,Serafina Corrêa,4320404
257,257,257,257,257,257,257,257,257,257.0,257.0,257.0,257.0,05242043000105,PAULO SGANZERLA E FILHO LTDA,RS,Serafina Corrêa,4320404
258,258,258,258,258,258,258,258,258,258.0,258.0,258.0,258.0,05460642000197,PERUZZO INDUSTRIA GRAFICA LTDA,RS,Serafina Corrêa,4320404
259,259,259,259,259,259,259,259,259,259.0,259.0,259.0,259.0,19633424000111,PLANALTO COMERCIO E TRANSPORTES DE ALIMENTOS LTDA,SC,Planalto Alegre,4213153
260,260,260,260,260,260,260,260,260,260.0,260.0,260.0,260.0,89522064001057,RIO GRANDE DO SUL PODER JUDICIARIO,RS,Porto Alegre,4314902
261,261,261,261,261,261,261,261,261,261.0,261.0,261.0,261.0,61198164000160,PORTO SEGURO COMPANHIA DE SEGUROS GERAIS,SP,São Paulo,3550308
262,262,262,262,262,262,262,262,262,262.0,262.0,262.0,262.0,21041840000172,PPRO BRASIL LTDA,SP,São Paulo,3550308
263,263,263,263,263,263,263,263,263,263.0,263.0,263.0,263.0,08863707000133,PRISCILA RAUBER HENGEMUHLE,RS,Porto Alegre,4314902
264,264,264,264,264,264,264,264,264,264.0,264.0,264.0,264.0,87124582000104,PROCERGS - CENTRO DE TECNOLOGIA DA INFORMACAO E COMUNICACAO DO ESTADO DO RIO GRANDE DO SUL S.A.,RS,Porto Alegre,4314902
265,265,265,265,265,265,265,265,265,265.0,265.0,265.0,265.0,30654110000138,PROEXATA ENGENHARIA LTDA,RS,Casca,4304903
266,266,266,266,266,266,266,266,266,266.0,266.0,266.0,266.0,19321826000180,RADIPLAN DIAGNOSTICO POR IMAGEM LTDA,RS,Passo Fundo,4314100
267,267,267,267,267,267,267,267,267,267.0,267.0,267.0,267.0,15622009000101,RAFAEL SIEGA CAVAGNOLI,RS,São Valentim do Sul,4319711
268,268,268,268,268,268,268,268,268,268.0,268.0,268.0,268.0,47388140000142,RAQUEL PETRIKOWSKI 03126070914,RS,Serafina Corrêa,4320404
269,269,269,269,269,269,269,269,269,269.0,269.0,269.0,269.0,15003710000142,RD CENTRO DE FISIOTERAPIA LTDA,RS,Serafina Corrêa,4320404
270,270,270,270,270,270,270,270,270,270.0,270.0,270.0,270.0,17793462000106,RECICLAGEM SERRANA LTDA,RS,Paraí,4314001
271,271,271,271,271,271,271,271,271,271.0,271.0,271.0,271.0,87550315000190,REDE PNEU-RENOVADORA DE PNEUS LTDA,RS,Bento Gonçalves,4302105
272,272,272,272,272,272,272,272,272,272.0,272.0,272.0,272.0,14261603000151,REFERENCIA GESTAO E RISCO LTDA,RS,Porto Alegre,4314902
273,273,273,273,273,273,273,273,273,273.0,273.0,273.0,273.0,00923589000108,REFLORESTAMENTO SAO FRANCISCO LTDA,RS,Serafina Corrêa,4320404
274,274,274,274,274,274,274,274,274,274.0,274.0,274.0,274.0,12937098000197,REGIS LUIS CATANIO,RS,Serafina Corrêa,4320404
275,275,275,275,275,275,275,275,275,275.0,275.0,275.0,275.0,02016439000138,RIO GRANDE ENERGIA SA,RS,Caxias do Sul,4305108
276,276,276,276,276,276,276,276,276,276.0,276.0,276.0,276.0,18130297000175,RICARDO VALDIR ORSO & FILHO LTDA,RS,Serafina Corrêa,4320404
277,277,277,277,277,277,277,277,277,277.0,277.0,277.0,277.0,31027199000175,RICIERI BRESOLIN AUDI,RS,Guaporé,4309407
278,278,278,278,278,278,278,278,278,278.0,278.0,278.0,278.0,04258593000141,RITA DE CASSIA CENCI SOMACAL AUTO ELETRICA,RS,Serafina Corrêa,4320404
279,279,279,279,279,279,279,279,279,279.0,279.0,279.0,279.0,41860059000137,RN ASSESSORIA EDUCACIONAL E REPRESENTACAO COMERCIAL LTDA,DF,Brasília,5300108
280,280,280,280,280,280,280,280,280,280.0,280.0,280.0,280.0,40287204000170,ROBERTA VICINIESCKI CAPRA 02238592067,RS,Serafina Corrêa,4320404
281,281,281,281,281,281,281,281,281,281.0,281.0,281.0,281.0,18449927000179,ROBERTO DE CONTO & CIA LTDA,RS,Aratiba,4300901
282,282,282,282,282,282,282,282,282,282.0,282.0,282.0,282.0,24968774000179,RONALDO SOMACAL 65380819087,RS,Serafina Corrêa,4320404
283,283,283,283,283,283,283,283,283,283.0,283.0,283.0,283.0,07266101000158,SOCCOL LOCACOES LTDA,RS,Casca,4304903
284,284,284,284,284,284,284,284,284,284.0,284.0,284.0,284.0,00072182000106,ROSSI PRODUTOS HOSPITALARES LTDA,RS,Caxias do Sul,4305108
285,285,285,285,285,285,285,285,285,285.0,285.0,285.0,285.0,14373681000148,FUNDO DE PREVIDENCIA SOCIAL DO MUNICIPIO DE SERAFINA CORREA,RS,Serafina Corrêa,4320404
286,286,286,286,286,286,286,286,286,286.0,286.0,286.0,286.0,06294126000100,SOMA/RS PRODUTOS HOSPITALARES LTDA.,RS,Eldorado do Sul,4306767
287,287,287,287,287,287,287,287,287,287.0,287.0,287.0,287.0,12213170000133,RUDIMAR RISSI,RS,Serafina Corrêa,4320404
288,288,288,288,288,288,288,288,288,288.0,288.0,288.0,288.0,48992215000162,S. T. TAVARES LTDA,RS,Serafina Corrêa,4320404
289,289,289,289,289,289,289,289,289,289.0,289.0,289.0,289.0,43750420000106,SANE INDUSTRIA E COMERCIO DE MOVEIS E EQUIPAMENTOS LTDA,RS,Bento Gonçalves,4302105
290,290,290,290,290,290,290,290,290,290.0,290.0,290.0,290.0,49825223000187,SANJU PNEUS LTDA,SC,Blumenau,4202404
291,291,291,291,291,291,291,291,291,291.0,291.0,291.0,291.0,83845701000159,SANTA CATARINA TRIBUNAL DE JUSTICA,SC,Florianópolis,4205407
292,292,292,292,292,292,292,292,292,292.0,292.0,292.0,292.0,41037701000182,SAO MATEUS - ESCAVACOES E TRANSPORTES LTDA,RS,Paraí,4314001
293,293,293,293,293,293,293,293,293,293.0,293.0,293.0,293.0,29191331000138,SECURITY SEGURANCA ELETRONICA LTDA.,RS,Serafina Corrêa,4320404
294,294,294,294,294,294,294,294,294,294.0,294.0,294.0,294.0,26304412000109,SERAFINA DE OURO CORRETORA DE SEGUROS E IMOVEIS LTDA,RS,Serafina Corrêa,4320404
295,295,295,295,295,295,295,295,295,295.0,295.0,295.0,295.0,31778377000108,SERES CONSULTORIO E ASSESSORIA EM PSICOLOGIA LTDA,RS,Serafina Corrêa,4320404
296,296,296,296,296,296,296,296,296,296.0,296.0,296.0,296.0,03775159022307,SERVICO SOCIAL DA INDUSTRIA SESI,RS,Guaporé,4309407
297,297,297,297,297,297,297,297,297,297.0,297.0,297.0,297.0,03392348000160,SERVIOESTE SOLUCOES AMBIENTAIS LTDA,SC,Chapecó,4204202
298,298,298,298,298,298,298,298,298,298.0,298.0,298.0,298.0,03575238004635,SESC - ADMINISTRACAO REGIONAL NO ESTADO DO RIO GRANDE DO SUL,RS,Bento Gonçalves,4302105
299,299,299,299,299,299,299,299,299,299.0,299.0,299.0,299.0,24747518000151,SIDNEI RIBEIRO DE SOUZA,RS,Serafina Corrêa,4320404
300,300,300,300,300,300,300,300,300,300.0,300.0,300.0,300.0,89880975000165,SILVIO A. NARDI LTDA,RS,Passo Fundo,4314100
301,301,301,301,301,301,301,301,301,301.0,301.0,301.0,301.0,23027776000109,SINALIZA SOLUCOES EM SINALIZACAO LTDA,RS,Teutônia,4321451
302,302,302,302,302,302,302,302,302,302.0,302.0,302.0,302.0,06114559000129,SISTEMA DE ESTAGIOS INTELIGENTE DO BRASIL LTDA,RS,Porto Alegre,4314902
303,303,303,303,303,303,303,303,303,303.0,303.0,303.0,303.0,29689074000169,SOL NASCENTE INDUSTRIA E COMERCIO DE ESQUADRIAS EM ALUMINIO LTDA.,RS,Serafina Corrêa,4320404
304,304,304,304,304,304,304,304,304,304.0,304.0,304.0,304.0,94015757000100,SOLDA ALTOURUGUAI COMERCIO DE GASES INDUSTRIAIS E HOSPITALARES LTDA,RS,Paulo Bento,4314134
305,305,305,305,305,305,305,305,305,305.0,305.0,305.0,305.0,07435741000144,STAFF SOLUCOES EM FISICA MEDICA E RADIOPROTECAO LTDA,RS,Santa Maria,4316907
306,306,306,306,306,306,306,306,306,306.0,306.0,306.0,306.0,17333958000105,STELEN PAULA ZANLUCHI & CIA LTDA,RS,Serafina Corrêa,4320404
307,307,307,307,307,307,307,307,307,307.0,307.0,307.0,307.0,06106005000180,STOCK MED S.A,RS,Santa Cruz do Sul,4316808
308,308,308,308,308,308,308,308,308,308.0,308.0,308.0,308.0,15286278000144,STRADA CONCRETOS LTDA,RS,Teutônia,4321451
309,309,309,309,309,309,309,309,309,309.0,309.0,309.0,309.0,23608114000114,SUELEN DAIANE KANIS,SC,Timbó,4218202
310,310,310,310,310,310,310,310,310,310.0,310.0,310.0,310.0,34324584000172,SULZBACH & SULZBACH SERVICOS MEDICOS LTDA,RS,Santa Cruz do Sul,4316808
311,311,311,311,311,311,311,311,311,311.0,311.0,311.0,311.0,10987623000153,SUPER COPIAS LTDA,RS,Passo Fundo,4314100
312,312,312,312,312,312,312,312,312,312.0,312.0,312.0,312.0,13482516000161,SUPERAR LTDA,ES,Serra,3205002
313,313,313,313,313,313,313,313,313,313.0,313.0,313.0,313.0,34355976000107,SUPERLUC TECNOLOGIA LTDA,RS,Guaporé,4309407
314,314,314,314,314,314,314,314,314,314.0,314.0,314.0,314.0,42319116000138,TABORDA E SALVI SERVICOS ODONTOLOGICOS LTDA,RS,Serafina Corrêa,4320404
315,315,315,315,315,315,315,315,315,315.0,315.0,315.0,315.0,40165794000168,TAIS STEFENON CORDEIRO,RS,Serafina Corrêa,4320404
316,316,316,316,316,316,316,316,316,316.0,316.0,316.0,316.0,24291879000136,TB SUPRIMENTOS PARA INFORMATICA LTDA,RS,Caxias do Sul,4305108
317,317,317,317,317,317,317,317,317,317.0,317.0,317.0,317.0,09455982000180,TECNOTEL TELECOM LTDA,RS,Casca,4304903
318,318,318,318,318,318,318,318,318,318.0,318.0,318.0,318.0,02558157000162,TELEFONICA BRASIL S.A.,SP,São Paulo,3550308
319,319,319,319,319,319,319,319,319,319.0,319.0,319.0,319.0,18120268000122,THALES ALEX TIMBOLA,RS,Nova Araçá,4312807
320,320,320,320,320,320,320,320,320,320.0,320.0,320.0,320.0,27180508000175,TOFFOLI CLINICA DE FISIOTERAPIA INTEGRATIVA E PILATES LTDA,RS,Serafina Corrêa,4320404
321,321,321,321,321,321,321,321,321,321.0,321.0,321.0,321.0,16973453000134,TOMAZZELLI & TOMAZZELLI LTDA.,RS,Serafina Corrêa,4320404
322,322,322,322,322,322,322,322,322,322.0,322.0,322.0,322.0,00489578000153,TOTAL SUL PAPELARIA E COMERCIO DE PECAS LTDA,RS,Serafina Corrêa,4320404
323,323,323,323,323,323,323,323,323,323.0,323.0,323.0,323.0,00472805000138,TRACADO CONSTRUCOES E SERVICOS LTDA,SP,São Paulo,3550308
324,324,324,324,324,324,324,324,324,324.0,324.0,324.0,324.0,11700033000160,TRENTO & GARBIN LTDA,RS,Serafina Corrêa,4320404
325,325,325,325,325,325,325,325,325,325.0,325.0,325.0,325.0,83594978000156,UNIAO DOS VEREADORES DO BRASIL,DF,Brasília,5300108
326,326,326,326,326,326,326,326,326,326.0,326.0,326.0,326.0,50204672000197,USINA FITNESS LTDA,RS,Serafina Corrêa,4320404
327,327,327,327,327,327,327,327,327,327.0,327.0,327.0,327.0,11907678000179,V. P. COMERCIO DE INFORMATICA LTDA.,RS,Serafina Corrêa,4320404
328,328,328,328,328,328,328,328,328,328.0,328.0,328.0,328.0,32526031000177,V.L. SGARBOSSA E S. DA SILVA LTDA,RS,Guaporé,4309407
329,329,329,329,329,329,329,329,329,329.0,329.0,329.0,329.0,00920045000184,VIA GENOVA PARQUE HOTEL LTDA,RS,Serafina Corrêa,4320404
330,330,330,330,330,330,330,330,330,330.0,330.0,330.0,330.0,00112092000100,VIDEQUIMICA INDUSTRIA E COMERCIO DE PRODUTOS QUIMICOS LTDA,RS,Caxias do Sul,4305108
331,331,331,331,331,331,331,331,331,331.0,331.0,331.0,331.0,27232292000144,VIVAR CENTRO INTEGRADO DE SAUDE LTDA,RS,Casca,4304903
332,332,332,332,332,332,332,332,332,332.0,332.0,332.0,332.0,37337289000149,VOLTS VENDA E INSTALACAO DE EXTINTORES E PPCI LTDA,RS,Guaporé,4309407
333,333,333,333,333,333,333,333,333,333.0,333.0,333.0,333.0,30986684000103,WE COMERCIO DE PRODUTOS E UTILIDADES DOMESTICAS LTDA,RS,Santo Antônio da Patrulha,4317608
334,334,334,334,334,334,334,334,334,334.0,334.0,334.0,334.0,11318264000104,WEL DISTRIBUIDORA DE MEDICAMENTOS E PRODUTOS PARA A SAUDE LTDA,RS,Lajeado,4311403
335,335,335,335,335,335,335,335,335,335.0,335.0,335.0,335.0,26118633000192,WLF MOTORRAD LTDA.,RS,Porto Alegre,4314902
336,336,336,336,336,336,336,336,336,336.0,336.0,336.0,336.0,15450716000168,ZAFRA SUL INDUSTRIA DE UNIFORMES PROFISSIONAIS LTDA,RS,Guaporé,4309407
337,337,337,337,337,337,337,337,337,337.0,337.0,337.0,337.0,05025540000143,ZEROUM COMERCIO DE EQUIPAMENTOS E SUPRIMENTOS DE INFORMATICA LTDA,RS,Flores da Cunha,4308201
338,338,338,338,338,338,338,338,338,338.0,338.0,338.0,338.0,28750316000110,"ZILLI, MARTINS E TREMARIN SOCIEDADE DE ADVOGADOS",RS,Marau,4311809
339,339,339,339,339,339,339,339,339,339.0,339.0,,,03353358000196,MINISTERIO DA INTEGRACAO E DO DESENVOLVIMENTO REGIONAL,DF,Brasília,5300108
340,340,340,340,340,340,340,340,340,340.0,,,,23984666000208,VOLTS AMPERE ENGENHARIA SISTEMAS DE ENERGIA LTDA,RS,Canoas,4304606
341,341,341,341,341,341,341,341,341,341.0,,,,30939283000100,VEBER DRUM TRANSPORTES LTDA,RS,Passo Fundo,4314100
342,342,342,342,342,342,342,342,342,342.0,,,,92895747000173,CENTRO DE TRADICOES GAUCHAS SINUELO DA SERRA,RS,Serafina Corrêa,4320404
343,343,343,343,343,343,343,343,343,343.0,,,,03775069006035,SERVICO NACIONAL DE APRENDIZAGEM INDUSTRIAL-SENAI,RS,Guaporé,4309407
344,344,344,344,344,344,344,344,344,344.0,,,,03775069003524,SERVICO NACIONAL DE APRENDIZAGEM INDUSTRIAL-SENAI,RS,Lajeado,4311403
345,345,345,345,345,345,345,345,345,345.0,,,,53649466000189,RZANETTI FISIOTERAPIA LTDA,RS,Serafina Corrêa,4320404
346,346,346,346,346,346,346,346,346,346.0,,,,27520930000122,COOPERATIVA DE ECONOMIA SOLIDARIA DE GUAPORE,RS,Guaporé,4309407
347,347,347,347,347,347,347,347,347,347.0,,,,05047086000121,COOPERATIVA DE PRODUCAO E CONSUMO FAMILIAR NOSSA TERRA LTDA,RS,Paulo Bento,4314134
348,348,348,348,348,348,348,348,348,348.0,,,,36667024000146,PROJETO INDUSTRIA DE ARTEFATOS METALICOS LTDA,RS,Caxias do Sul,4305108
349,349,349,349,349,349,349,349,349,349.0,,,,09306284000113,ASSOCIACAO COMUNITARIA SERAFINENSE DE COMUNICACAO,RS,Serafina Corrêa,4320404
350,350,350,350,350,350,350,350,350,350.0,,,,24961827000120,CAMPO DE FOGO CANAA LOCACOES LTDA,RS,Gravataí,4309209
351,351,351,351,351,351,351,351,351,351.0,,,,22871174000162,LP DISTRIBUIDORA DE MEDICAMENTOS E COSMETICOS LTDA,RS,Ibiaçá,4309803
352,352,352,352,352,352,352,352,352,352.0,,,,87862504000107,COMERCIAL DE PAPELARIA SORDI LTDA,RS,Serafina Corrêa,4320404
353,353,353,353,353,353,353,353,353,353.0,,,,33574028000191,ALESSANDRA GAMBATTO,RS,Serafina Corrêa,4320404
354,354,354,354,354,354,354,354,354,354.0,,,,21112395000194,CIRURGICA LAJEADENSE LTDA,RS,Lajeado,4311403
355,355,355,355,355,355,355,355,355,355.0,,,,91665646000143,ADELINO REOLON & FILHO LTDA,RS,Serafina Corrêa,4320404
356,356,356,356,356,356,356,356,356,356.0,,,,30807380000131,"EDIFICA ENGENHARIA, ARQUITETURA E MEIO AMBIENTE LTDA",RS,Nova Bassano,4312906
357,357,357,357,357,357,357,357,357,357.0,,,,73471963002867,SENAT SERVICO NACIONAL DE APRENDIZAGEM DO TRANSPORTE,RS,Bento Gonçalves,4302105
358,358,358,358,358,358,358,358,358,358.0,,,,20965430000155,JULIO CESAR PINTO CORDEIRO,MG,Belo Horizonte,3106200
359,359,359,359,359,359,359,359,359,359.0,,,,06163606000124,CENTRO DE TREINAMENTO INTERNACIONAL LIFE SUPPORT DO BRASIL LTDA,RS,Colinas,4305587
360,360,360,360,360,360,360,360,360,360.0,,,,01644173000105,MASTERTEK COMERCIO DE PRODUTOS DE INFORMATICA LTDA,RS,Guaporé,4309407
361,361,361,361,361,361,361,361,361,361.0,,,,14142263000140,ROSELEI REGINA P GRANZOTTO - AGROPECUARIA,RS,Serafina Corrêa,4320404
362,362,362,362,362,362,362,362,362,362.0,,,,01789248000146,CELLINE COMERCIO DE MAQUINAS E EQUIPAMENTOS LTDA,RS,Sananduva,4316600
363,363,363,363,363,363,363,363,363,363.0,,,,08327985000176,PLATINOX COMERCIO DE EQUIPAMENTOS PARA GASTRONOMIA LTDA,PR,Curitiba,4106902
364,364,364,364,364,364,364,364,364,364.0,,,,33640278000182,ANDRE ARIORO DE DOMENICO,RS,Passo Fundo,4314100
365,365,365,365,365,365,365,365,365,365.0,,,,12889035000102,INOVAMED HOSPITALAR LTDA,RS,Erechim,4307005
366,366,366,366,366,366,366,366,366,366.0,,,,08380817000144,ODAIR JOSE TECCHIO COMERCIO DE GRANITOS LTDA,RS,Serafina Corrêa,4320404
367,367,367,367,367,367,367,367,367,367.0,,,,04590784000106,HOTEL CASAGRANDE LTDA,RS,Torres,4321501
368,368,368,368,368,368,368,368,368,368.0,,,,07223980000130,INSTALADORA E COMERCIO DE ACESSORIOS PEREIRA LTDA,RS,Serafina Corrêa,4320404
369,369,369,369,369,369,369,369,369,369.0,,,,07752236000123,MEDILAR IMPORTACAO E DISTRIBUICAO DE PRODUTOS MEDICO HOSPITALARES S/A,RS,Vera Cruz,4322707
370,370,370,370,370,370,370,370,370,370.0,,,,20604200000160,MUNDIAL COMERCIO DE UNIFORMES LTDA,MG,Uberaba,3170107
371,371,371,371,371,371,371,371,371,371.0,,,,35279250000197,FERNANDO CARLOS MENEGATTI 80450520072,RS,Serafina Corrêa,4320404
372,372,372,372,372,372,372,372,372,372.0,,,,89305239000183,COOPERATIVA DALIA ALIMENTOS LTDA,RS,Encantado,4306809
373,373,373,373,373,373,373,373,373,373.0,,,,24548267000186,TROPICANA COMERCIO DE FRUTAS LTDA,RS,Serafina Corrêa,4320404
374,374,374,374,374,374,374,374,374,374.0,,,,19111404000180,VINICOLA PINHAL ALTO LTDA,RS,São Valentim do Sul,4319711
375,375,375,375,375,375,375,375,375,375.0,,,,34011123000140,MARCIANO GIURIATTI 78288673015,RS,Casca,4304903
376,376,376,376,376,376,376,376,376,376.0,,,,10545342000140,ALENCAR C GRANZOTTO,RS,Serafina Corrêa,4320404
377,377,377,377,377,377,377,377,377,377.0,,,,36457912000134,ALEXANDRE CECCON BETINARDI 03323232003,RS,Serafina Corrêa,4320404
378,378,378,378,378,378,378,378,378,378.0,,,,34376112000163,G. R. TRATORES COMERCIO DE PECAS E SERVICOS LTDA,RS,Passo Fundo,4314100
379,379,379,379,379,379,379,379,379,379.0,,,,28342924000195,ANZEN SOLUTIONS LTDA,PR,Maringá,4115200
380,380,380,380,380,380,380,380,380,380.0,,,,46051880000126,FB MULTI NEGOCIOS LTDA,RS,Nova Araçá,4312807
381,381,381,381,381,381,381,381,381,381.0,,,,04008342000109,FUNDACAO VALE DO TAQUARI DE EDUCACAO E DESENVOLVIMENTO SOCIAL - FUVATES,RS,Lajeado,4311403
382,382,382,382,382,382,382,382,382,382.0,,,,40136720000101,DF2MED PRODUTOS HOSPITALARES LTDA,RS,Cachoeirinha,4303103
383,383,383,383,383,383,383,383,383,383.0,,,,24913475000137,HENRIQUE LUIS LERMEN,RS,São Pedro da Serra,4319356
384,384,384,384,384,384,384,384,384,384.0,,,,02816696000154,PONTAMED FARMACEUTICA LTDA,PR,Ponta Grossa,4119905
385,385,385,385,385,385,385,385,385,385.0,,,,88674726000150,INDUSTRIA MIRIAM LTDA,RS,Serafina Corrêa,4320404
386,386,386,386,386,386,386,386,386,386.0,,,,94516671000153,CIRURGICA SANTA CRUZ COM. DE PRODUTOS HOSPITALARES LTDA.,RS,Santa Cruz do Sul,4316808
387,387,387,387,387,387,387,387,387,387.0,,,,90123845000167,J A EXTRACAO DE BASALTO LTDA,RS,Casca,4304903
388,388,388,388,388,388,388,388,388,388.0,,,,95036919000141,SCHEFFER MATERIAIS DE CONSTRUCAO LTDA,RS,Casca,4304903
389,389,389,389,389,389,389,389,389,389.0,,,,11160550000194,VANDUIR DOS SANTOS,RS,Serafina Corrêa,4320404
390,390,390,390,390,390,390,390,390,390.0,,,,14277225000102,FORTE COMERCIO DE EXTINTORES LTDA,RS,Passo Fundo,4314100
391,391,391,391,391,391,391,391,391,391.0,,,,28323511000163,LUANA DO AMARAL SILVEIRA MOURA 03166431063,RS,Serafina Corrêa,4320404
392,392,392,392,392,392,392,392,392,392.0,,,,10018093000135,"SUZEK SERVICOS DE PORTARIA, ZELADORIA E LIMPEZA LTDA",RS,Marau,4311809
393,393,393,393,393,393,393,393,393,393.0,,,,33636084000103,BRV INDUSTRIA E COMERCIO DE PLASTICOS LTDA,RS,Serafina Corrêa,4320404
394,394,394,394,394,394,394,394,394,394.0,,,,91360420000134,COOPERATIVA DOS SUINOCULTORES DO CAI SUPERIOR LTDA,RS,Harmonia,4309555
395,395,395,395,395,395,395,395,395,395.0,,,,91480012000116,CHIODELLI LIVRARIA E PAPELARIA LTDA,RS,Serafina Corrêa,4320404
396,396,396,396,396,396,396,396,396,396.0,,,,00802002000102,ALTERMED MATERIAL MEDICO HOSPITALAR LTDA,SC,Rio do Sul,4214805
397,397,397,397,397,397,397,397,397,397.0,,,,11391339000182,LEOCLIDES JOSE PINHEIRO,RS,Ronda Alta,4316105
398,398,398,398,398,398,398,398,398,398.0,,,,17472278000164,GOLDENPLUS - COMERCIO DE MEDICAMENTOS E PRODUTOS HOSPITALARES LTDA,RS,Barão de Cotegipe,4301701
399,399,399,399,399,399,399,399,399,399.0,,,,13229567000186,VENEZA DISTRIBUIDORA DE PRODUTOS HOSPITALARES LTDA,RS,Barão de Cotegipe,4301701
400,400,400,400,400,400,400,400,400,400.0,,,,03652030000170,CENTERMEDI-COMERCIO DE PRODUTOS HOSPITALARES LTDA,RS,Barão de Cotegipe,4301701
401,401,401,401,401,401,401,401,401,401.0,,,,04447168000109,AGILITA CORRETORA DE SEGUROS E IMOVEIS LTDA,RS,Serafina Corrêa,4320404
402,402,402,402,402,402,402,402,402,402.0,,,,01644173000296,MASTERTEK COMERCIO DE PRODUTOS DE INFORMATICA LTDA,RS,Serafina Corrêa,4320404
403,403,403,403,403,403,403,403,403,403.0,,,,07175849000145,HANNA INSTRUMENTS BRASIL IMPORTACAO E EXPORTACAO LTDA.,SP,Barueri,3505708
404,404,404,404,404,404,404,404,404,404.0,,,,27670902000191,CRYSTIAN DEYVID PIOVESANA 83706399091,RS,Serafina Corrêa,4320404
405,405,405,405,405,405,405,405,405,405.0,,,,08040226000128,ZILOVANO MAIQUEL ENDERLE,RS,Serafina Corrêa,4320404
406,406,406,406,406,406,406,406,406,406.0,,,,10693537000138,CERVI FARMACIA DE MANIPULACAO E HOMEOPATIA LTDA,RS,Marau,4311809
407,407,407,407,407,407,407,407,407,407.0,,,,03543439000159,IDENTIFICA AUTOMACAO LTDA,RS,Caxias do Sul,4305108
408,408,408,408,408,408,408,408,408,408.0,,,,34313820000236,MORESCHI SUPERMERCADOS LTDA,RS,Serafina Corrêa,4320404
409,409,409,409,409,409,409,409,409,409.0,,,,04431891000191,KATAGIRI EXTINTTORES'S LTDA,RS,Marau,4311809
410,410,410,410,410,410,410,410,410,410.0,,,,02802441000132,VANDER CAPPELLI,RS,Casca,4304903
411,411,411,411,411,411,411,411,411,411.0,,,,34263537000166,FUNDO DE INVESTIMENTO EM RECURSOS HIDRICOS DO RIO GRANDE DO SUL,RS,Porto Alegre,4314902
412,412,412,412,412,412,412,412,412,412.0,,,,92883834000100,DEPARTAMENTO AUTONOMO DE ESTRADAS DE RODAGEM,RS,Porto Alegre,4314902
413,413,413,413,413,413,413,413,413,413.0,,,,05457388000410,ATTIVO MEDICAMENTOS MANIPULACAO LTDA,RS,Passo Fundo,4314100
414,414,414,414,414,414,414,414,414,414.0,,,,96418264033657,LOJAS QUERO-QUERO S.A.,RS,Serafina Corrêa,4320404
415,415,415,415,415,415,415,415,415,415.0,,,,90723057000101,FARMACIA BASEGGIO LTDA,RS,Guaporé,4309407
416,416,416,416,416,416,416,416,416,416.0,,,,05769326000100,WILLIAN JURANDIR DA SILVA,RS,Passo Fundo,4314100
417,417,417,417,417,417,417,417,417,417.0,,,,00375722000120,SIFACO EQUIPAMENTOS ELETRONICOS LTDA,RS,Marau,4311809
418,418,418,418,418,418,418,418,418,418.0,,,,13210928000142,SERVPREF SERVICOS DE LOGISTICA PARA SAUDE LTDA,RS,Passo Fundo,4314100
419,419,419,419,419,419,419,419,419,419.0,,,,03228557000253,RODINEI AGOSTINI,RS,Vila Maria,4323408
420,420,420,420,420,420,420,420,420,420.0,,,,00369149000142,PIT PROPAGANDA E PUBLICIDADE LTDA,RS,Caxias do Sul,4305108
421,421,421,421,421,421,421,421,421,421.0,,,,36527822000172,PARAI SERVICOS DE INSPECAO VEICULAR LTDA,RS,Paraí,4314001
422,422,422,422,422,422,422,422,422,422.0,,,,20744390000111,GTNET SERVICO DE PROVEDORES LTDA,RS,Guaporé,4309407
423,423,423,423,423,423,423,423,423,423.0,,,,26299569000193,GLORIA MARIA DA CONCEICAO LTDA,RS,Passo Fundo,4314100
424,424,424,424,424,424,424,424,424,424.0,,,,05465986000199,MINISTERIO DAS CIDADES,DF,Brasília,5300108
425,425,425,425,425,425,425,425,425,425.0,,,,01935819000103,DEPARTAMENTO ESTADUAL DE TRANSITO,RS,Porto Alegre,4314902
426,426,426,426,426,426,426,426,426,426.0,,,,03489388000124,CLINICA RADIUS LTDA,RS,Passo Fundo,4314100
427,427,427,427,427,427,427,427,427,427.0,,,,17870977000162,ASSOCIACAO BRASILEIRA DE ESPORTES RADICAIS E CULTURA - ABERC,RS,Serafina Corrêa,4320404
428,428,428,428,428,428,428,428,428,428.0,,,,51978129000100,ARPL DISTRIBUIDORA LTDA,RS,Bom Princípio,4302352
429,429,429,429,429,429,429,429,429,429.0,,,,36047635000191,AJP COMERCIO ATACADO E VAREJO DE PRODUTOS DE LIMPEZA LTDA,RS,Bom Princípio,4302352
430,430,430,430,430,430,430,430,430,430.0,,,,03154319000160,CONCREPRATA CONCRETOS LTDA,RS,Nova Prata,4313300
431,431,431,431,431,431,431,431,431,,,,,94221116000102,ACEDATA COM E ASSISTENCIA DE EQUIP PARA ESCRITORIO LTDA,RS,Caxias do Sul,4305108
432,432,432,432,432,432,432,432,432,,,,,02847070000105,CEDIL - CENTRO DE ESTUDOS DE DIAGNOSTICOS POR IMAGEM LTDA.,RS,Passo Fundo,4314100
433,433,433,433,433,433,433,433,433,,,,,04910165000151,CENTRO DE DIAGNOSTICO POR IMAGEM LTDA,RS,Guaporé,4309407
434,434,434,434,434,434,434,434,434,,,,,97505838000179,CERFOX - COOPERATIVA DE DISTRIBUICAO DE ENERGIA FONTOURA XAVIER,RS,Fontoura Xavier,4308300
435,435,435,435,435,435,435,435,435,,,,,30030820000197,CM COMUNICACAO MULTIMIDIA E EVENTOS LTDA,RS,Arvorezinha,4301404
436,436,436,436,436,436,436,436,436,,,,,88197330000160,COPAL COMERCIO DE PNEUS E ACESSORIOS LTDA,RS,Tapejara,4320909
437,437,437,437,437,437,437,437,437,,,,,93388031000908,F. VACHILESKI & CIA LTDA,RS,Três Arroios,4321634
438,438,438,438,438,438,438,438,438,,,,,40167904000120,FRANCIELI ANTONIO FAUSTINO BORELLI 02273758073,RS,Marau,4311809
439,439,439,439,439,439,439,439,439,,,,,88648761000103,FUNDACAO UNIVERSIDADE DE CAXIAS DO SUL,RS,Caxias do Sul,4305108
440,440,440,440,440,440,440,440,440,,,,,35622630000182,INSTITUTO JAIME PRATES LTDA,SP,Engenheiro Coelho,3515152
441,441,441,441,441,441,441,441,441,,,,,09572885000178,JCV MANUTENCAO E REPRESENTACAO COMERCIAL DE EQUIPAMENTOS HOSPITALARES LTDA,RS,Porto Alegre,4314902
442,442,442,442,442,442,442,442,442,,,,,43227475000128,LUDICAMENTE ESCOLA DE EDUCACAO INFANTIL LTDA,RS,Serafina Corrêa,4320404
443,443,443,443,443,443,443,443,443,,,,,19751174000114,MILLATO MATERIAIS DE CONSTRUCAO LTDA,RS,São Pedro da Serra,4319356
444,444,444,444,444,444,444,444,444,,,,,41332469000105,NICOLAS RIGO LTDA,RS,Veranópolis,4322806
445,445,445,445,445,445,445,445,445,,,,,20072327000186,OHTEC MATERIAIS E SERVICOS LTDA,RS,São Leopoldo,4318705
446,446,446,446,446,446,446,446,446,,,,,03338551000158,"PANDOLFO, FEDRIGO & CIA. LTDA",RS,Serafina Corrêa,4320404
447,447,447,447,447,447,447,447,447,,,,,88097969000173,REFORMAQ INDUSTRIA E COMERCIO DE COMPONENTES ROD LTDA,RS,Guaporé,4309407
448,448,448,448,448,448,448,448,448,,,,,03000215000109,RICCI VEICULOS LTDA,RS,Passo Fundo,4314100
449,449,449,449,449,449,449,449,449,,,,,10894828000356,VERLIN TECNOLOGIA DA INFORMACAO LTDA,ES,Serra,3205002
